<?xml version="1.0" encoding="UTF-8"?>
<project-private xmlns="http://www.netbeans.org/ns/project-private/1">
    <editor-bookmarks xmlns="http://www.netbeans.org/ns/editor-bookmarks/2" lastBookmarkId="0"/>
    <open-files xmlns="http://www.netbeans.org/ns/projectui-open-files/2">
        <group>
            <file>file:/C:/Users/LiWH/Documents/NetBeansProjects/CoolExperimentWithWebSockets/web/index.jsp</file>
            <file>file:/C:/Users/LiWH/Documents/NetBeansProjects/CoolExperimentWithWebSockets/src/java/developerworks/ajax/servlet/CartEncoder.java</file>
            <file>file:/C:/Users/LiWH/Documents/NetBeansProjects/CoolExperimentWithWebSockets/web/websockets.js</file>
            <file>file:/C:/Users/LiWH/Documents/NetBeansProjects/CoolExperimentWithWebSockets/src/java/developerworks/ajax/servlet/WebSocketServlet.java</file>
            <file>file:/C:/Users/LiWH/Documents/NetBeansProjects/CoolExperimentWithWebSockets/src/java/developerworks/ajax/servlet/CartDecoder.java</file>
        </group>
    </open-files>
</project-private>
