<?xml version="1.0" encoding="UTF-8"?>
<project-private xmlns="http://www.netbeans.org/ns/project-private/1">
    <editor-bookmarks xmlns="http://www.netbeans.org/ns/editor-bookmarks/2" lastBookmarkId="0"/>
    <open-files xmlns="http://www.netbeans.org/ns/projectui-open-files/2">
        <group>
            <file>file:/C:/Users/LiWH/Documents/NetBeansProjects/ACoolAJAXShoppingCartImprovedWithJSON/web/ajax1.js</file>
            <file>file:/C:/Users/LiWH/Documents/NetBeansProjects/ACoolAJAXShoppingCartImprovedWithJSON/src/java/developerworks/ajax/servlet/CartServlet.java</file>
            <file>file:/C:/Users/LiWH/Documents/NetBeansProjects/ACoolAJAXShoppingCartImprovedWithJSON/src/java/developerworks/ajax/store/Cart.java</file>
            <file>file:/C:/Users/LiWH/Documents/NetBeansProjects/ACoolAJAXShoppingCartImprovedWithJSON/src/java/developerworks/ajax/store/Catalog.java</file>
            <file>file:/C:/Users/LiWH/Documents/NetBeansProjects/ACoolAJAXShoppingCartImprovedWithJSON/src/java/developerworks/ajax/store/Item.java</file>
            <file>file:/C:/Users/LiWH/Documents/NetBeansProjects/ACoolAJAXShoppingCartImprovedWithJSON/web/cart.js</file>
            <file>file:/C:/Users/LiWH/Documents/NetBeansProjects/ACoolAJAXShoppingCartImprovedWithJSON/web/index.jsp</file>
        </group>
    </open-files>
</project-private>
